Date,Open,High,Low,Close,Adj Close,Volume,Returns,MA5,MA20,Volatility,Symbol
2024-01-02,187.1499938964844,188.44000244140625,183.88999938964844,185.63999938964844,184.7349853515625,0.15931503102785113,0.007041801889061006,183.70799865722657,187.89049835205077,0.015343054583083111,processed_AAPL
2024-01-03,184.22000122070312,185.8800048828125,183.42999267578125,184.25,183.3517608642578,-0.22163129681230018,-0.007487607165581278,183.70799865722657,187.89049835205077,0.015343054583083111,processed_AAPL
2024-01-04,182.1499938964844,183.08999633789065,180.8800048828125,181.91000366210935,181.02316284179688,-0.006916007535987888,-0.012700115809447188,183.70799865722657,187.89049835205077,0.015343054583083111,processed_AAPL
2024-01-05,181.9900054931641,182.7599945068359,180.1699981689453,181.17999267578125,180.2967071533203,-0.16009554153466765,-0.004013033761925855,183.70799865722657,187.89049835205077,0.015343054583083111,processed_AAPL
2024-01-08,182.08999633789065,185.6000061035156,181.5,185.55999755859375,184.6553649902344,-0.21007989243237019,0.024174881663950876,183.70799865722657,187.89049835205077,0.015343054583083111,processed_AAPL
2024-01-09,183.9199981689453,185.1499938964844,182.72999572753903,185.13999938964844,184.23741149902344,-0.4680512351511162,-0.002263409002323802,183.60799865722657,187.89049835205077,0.015343054583083111,processed_AAPL
2024-01-10,184.3500061035156,186.3999938964844,183.9199981689453,186.19000244140625,185.28228759765625,-0.40552965454078554,0.005671400319862574,183.99599914550785,187.89049835205077,0.015343054583083111,processed_AAPL
2024-01-11,186.5399932861328,187.0500030517578,183.6199951171875,185.58999633789065,184.68521118164065,-0.3685730724458178,-0.0032225473744457167,184.73199768066405,187.89049835205077,0.015343054583083111,processed_AAPL
2024-01-12,186.05999755859375,186.7400054931641,185.19000244140625,185.9199981689453,185.0135955810547,-0.5059825658896506,0.0017781229460980263,185.67999877929688,187.89049835205077,0.015343054583083111,processed_AAPL
2024-01-16,182.16000366210935,184.2599945068359,180.92999267578125,183.6300048828125,182.7347717285156,-0.1078816113532225,-0.012317089655153213,185.29400024414065,187.89049835205077,0.015343054583083111,processed_AAPL
2024-01-17,181.27000427246097,182.92999267578125,180.3000030517578,182.67999267578125,181.78941345214844,-0.39723004961301395,-0.005173512943255187,184.8019989013672,187.89049835205077,0.015343054583083111,processed_AAPL
2024-01-18,186.08999633789065,189.13999938964844,185.8300018310547,188.6300048828125,187.71041870117188,0.08837833144594959,0.032570683411353496,185.28999938964844,187.89049835205077,0.015343054583083111,processed_AAPL
2024-01-19,189.3300018310547,191.9499969482422,188.82000732421875,191.55999755859375,190.62612915039065,-0.0582263963611399,0.015533014896551123,186.48399963378907,187.89049835205077,0.015343054583083111,processed_AAPL
2024-01-22,192.3000030517578,195.3300018310547,192.2599945068359,193.88999938964844,192.9447479248047,-0.19442378353716097,0.01216330058858972,188.0779998779297,187.89049835205077,0.015343054583083111,processed_AAPL
2024-01-23,195.02000427246097,195.75,193.8300018310547,195.17999267578125,194.22845458984375,-0.47574478694498185,0.006653222395139657,190.38799743652345,187.89049835205077,0.015343054583083111,processed_AAPL
2024-01-24,195.4199981689453,196.3800048828125,194.33999633789065,194.5,193.55177307128903,-0.29731989603158937,-0.0034839261261312426,192.7519989013672,187.89049835205077,0.015343054583083111,processed_AAPL
2024-01-25,195.22000122070312,196.27000427246097,193.11000061035156,194.1699981689453,193.2234039306641,-0.2784768654348488,-0.0016966675118492702,193.85999755859376,187.89049835205077,0.015343054583083111,processed_AAPL
2024-01-26,194.27000427246097,194.7599945068359,191.94000244140625,192.4199981689453,191.48191833496097,-0.44032469987096096,-0.009012720896651283,194.0319976806641,187.89049835205077,0.015343054583083111,processed_AAPL
2024-01-29,192.0099945068359,192.1999969482422,189.5800018310547,191.72999572753903,190.79530334472656,-0.3999485856027016,-0.003585918553020928,193.5999969482422,187.89049835205077,0.015343054583083111,processed_AAPL
2024-01-30,190.94000244140625,191.8000030517578,187.47000122070312,188.0399932861328,187.12326049804688,-0.2620627945262167,-0.01924582758897031,192.1719970703125,187.89049835205077,0.015343054583083111,processed_AAPL
2024-01-31,187.0399932861328,187.1000061035156,184.3500061035156,184.3999938964844,183.5010223388672,-0.26825941090317645,-0.01935758093816553,190.15199584960936,187.82849807739257,0.01336629017422608,processed_AAPL
2024-02-01,183.9900054931641,186.9499969482422,183.82000732421875,186.86000061035156,185.94903564453125,-0.11923680009710984,0.013340600842145944,188.68999633789065,187.95899810791016,0.013582417505697386,processed_AAPL
2024-02-02,179.86000061035156,187.3300018310547,179.25,185.8500061035156,184.9439697265625,0.4762555019140589,-0.0054050867148505155,187.3759979248047,188.15599822998047,0.013295992370719437,processed_AAPL
2024-02-05,188.1499938964844,189.25,185.83999633789065,187.67999267578125,186.76502990722656,-0.04354503610949738,0.009846577950857638,186.5659973144531,188.4809982299805,0.013373391500697319,processed_AAPL
2024-02-06,186.86000061035156,189.30999755859375,186.77000427246097,189.3000030517578,188.37713623046875,-0.45778156194210995,0.0086317691773099,186.81799926757813,188.66799850463863,0.012425708814632496,processed_AAPL
2024-02-07,190.63999938964844,191.0500030517578,188.61000061035156,189.41000366210935,188.48660278320312,-0.300362820774412,0.0005810914346444651,187.82000122070312,188.88149871826172,0.012401787787462046,processed_AAPL
2024-02-08,189.38999938964844,189.5399932861328,187.3500061035156,188.32000732421875,187.4019317626953,-0.4977968926215167,-0.005754692554861274,188.11200256347655,188.98799896240232,0.012448707961021783,processed_AAPL
2024-02-09,188.6499938964844,189.9900054931641,188.0,188.8500061035156,188.16912841796875,-0.43144435995586955,0.0028143519471321987,188.71200256347657,189.1509994506836,0.012423231101298376,processed_AAPL
2024-02-12,188.4199981689453,188.6699981689453,186.7899932861328,187.1499938964844,186.4752655029297,-0.4848229248802775,-0.009001917670573678,188.6060028076172,189.21249923706057,0.012617472204958131,processed_AAPL
2024-02-13,185.77000427246097,186.2100067138672,183.5099945068359,185.0399932861328,184.37286376953125,-0.25145923825910566,-0.01127438246948953,187.75400085449215,189.28299865722656,0.012564179605508395,processed_AAPL
2024-02-14,185.32000732421875,185.52999877929688,182.44000244140625,184.1499938964844,183.4860687255859,-0.28150871348854,-0.004809767736384307,186.7019989013672,189.35649871826172,0.012555860527978392,processed_AAPL
2024-02-15,183.5500030517578,184.4900054931641,181.3500061035156,183.86000061035156,183.19712829589844,-0.1105479286655762,-0.0015747667431140755,185.80999755859375,189.11799850463868,0.010029265099757502,processed_AAPL
2024-02-16,183.4199981689453,184.8500061035156,181.6699981689453,182.30999755859375,181.65269470214844,-0.35950601119965353,-0.008430343993322875,184.5019958496094,188.65549850463867,0.009327878215787707,processed_AAPL
2024-02-20,181.7899932861328,182.42999267578125,180.0,181.55999755859375,180.90541076660156,-0.2967771382641488,-0.004113872031395016,183.38399658203124,188.03899841308595,0.008674816069650551,processed_AAPL
2024-02-21,181.94000244140625,182.88999938964844,180.66000366210935,182.32000732421875,181.6626892089844,-0.4888136977359191,0.004185997884141424,182.83999938964843,187.3959991455078,0.008543208369569222,processed_AAPL
2024-02-22,183.47999572753903,184.9600067138672,182.4600067138672,184.3699951171875,183.70529174804688,-0.3185096023400335,0.011243899246467626,182.88399963378907,186.8894989013672,0.00914609916679936,processed_AAPL
2024-02-23,185.0099945068359,185.0399932861328,182.22999572753903,182.52000427246097,181.86195373535156,-0.4320061063332497,-0.01003412102685508,182.61600036621093,186.30699920654297,0.009290146608477956,processed_AAPL
2024-02-26,182.2400054931641,182.7599945068359,180.6499938964844,181.16000366210935,180.50685119628903,-0.4992938280384227,-0.007451241390074914,182.3860015869141,185.74399948120117,0.009243825452490983,processed_AAPL
2024-02-27,181.1000061035156,183.9199981689453,179.55999755859375,182.6300048828125,181.9715576171875,-0.2864394225361923,0.008114380608232441,182.60000305175785,185.28899993896485,0.009567355623079303,processed_AAPL
2024-02-28,182.5099945068359,183.1199951171875,180.1300048828125,181.4199981689453,180.76593017578125,-0.3713343328078695,-0.006625454095802064,182.4200012207031,184.95800018310547,0.008780586945523217,processed_AAPL
2024-02-29,181.27000427246097,182.57000732421875,179.52999877929688,180.75,180.0983428955078,1.016870721199752,-0.003693077806788292,181.6960021972656,184.77550048828124,0.007767923379050156,processed_AAPL
2024-03-01,179.5500030517578,180.52999877929688,177.3800048828125,179.66000366210938,179.01226806640625,0.01688937979163769,-0.00603040850838521,181.1240020751953,184.4155006408691,0.007065502547227111,processed_AAPL
2024-03-04,176.14999389648438,176.89999389648438,173.7899932861328,175.10000610351562,174.46871948242188,0.14382981962209843,-0.025381261636673647,179.91200256347656,183.87800064086915,0.008784186052532304,processed_AAPL
2024-03-05,170.75999450683594,172.0399932861328,169.6199951171875,170.1199951171875,169.50665283203125,0.3593869372724001,-0.028440952671264008,177.41000061035157,183.00000076293944,0.009946555999089024,processed_AAPL
2024-03-06,171.05999755859375,171.24000549316406,168.67999267578125,169.1199951171875,168.51025390625,-0.0606521912809252,-0.005878203789690617,174.95,181.99100036621093,0.009426872910440212,processed_AAPL
2024-03-07,169.14999389648438,170.72999572753906,168.49000549316406,169.0,168.39068603515625,-0.010373516929158711,-0.0007095264939214196,172.6,180.97050018310543,0.009386826562141452,processed_AAPL
2024-03-08,169.0,173.6999969482422,168.94000244140625,170.72999572753906,170.1144561767578,0.05845228218112276,0.010236661109698675,170.81399841308593,180.09099960327148,0.010035409223888443,processed_AAPL
2024-03-11,172.94000244140625,174.3800048828125,172.0500030517578,172.75,172.12718200683594,-0.19433517002410944,0.01183157220764297,170.3439971923828,179.2859992980957,0.010585030965206271,processed_AAPL
2024-03-12,173.14999389648438,174.02999877929688,171.00999450683594,173.22999572753906,172.60543823242188,-0.1993054386758026,0.002778557033511264,170.96599731445312,178.58999938964843,0.010642609279199102,processed_AAPL
2024-03-13,172.77000427246094,173.19000244140625,170.75999450683594,171.1300048828125,170.51303100585938,-0.31540021746242225,-0.012122559005482425,171.3679992675781,177.8944999694824,0.010675587896481311,processed_AAPL
2024-03-14,172.91000366210938,174.30999755859375,172.0500030517578,173.0,172.37628173828125,0.007798582783048953,0.010927336316434166,172.16799926757812,177.3370002746582,0.011169297078127874,processed_AAPL
2024-03-15,171.1699981689453,172.6199951171875,170.2899932861328,172.6199951171875,171.9976348876953,0.7792298501896828,-0.002196560016257232,172.5459991455078,176.775,0.011165814969187516,processed_AAPL
2024-03-18,175.57000732421875,177.7100067138672,173.52000427246094,173.72000122070312,173.09368896484375,0.05037579342014157,0.006372414173507979,172.73999938964843,176.34550018310546,0.011283147565464304,processed_AAPL
2024-03-19,174.33999633789062,176.61000061035156,173.02999877929688,176.0800018310547,175.44517517089844,-0.2722565132954646,0.013585082856137465,173.31000061035155,176.0715003967285,0.011818825073428858,processed_AAPL
2024-03-20,175.72000122070312,178.6699981689453,175.08999633789062,178.6699981689453,178.0258331298828,-0.30061441985611187,0.014709202129471022,174.81799926757813,175.88899993896484,0.012307740079525595,processed_AAPL
2024-03-21,177.0500030517578,177.49000549316406,170.83999633789062,171.3699951171875,170.75213623046875,0.5342229809072062,-0.04085746418856029,174.49199829101562,175.23899993896484,0.014845775583005469,processed_AAPL
2024-03-22,171.75999450683594,173.0500030517578,170.05999755859375,172.27999877929688,171.65887451171875,-0.020793516633520213,0.005310169154682409,174.4239990234375,174.72699966430665,0.01488910626196892,processed_AAPL
2024-03-25,170.57000732421875,171.94000244140625,169.4499969482422,170.85000610351562,170.23403930664062,-0.2869236320896524,-0.0083003986876804,173.85,174.21149978637695,0.014904342624752506,processed_AAPL
2024-03-26,170.0,171.4199981689453,169.5800018310547,169.7100067138672,169.09814453125,-0.23786814069482914,-0.006672515943357493,172.5760009765625,173.56549987792968,0.014698802978409541,processed_AAPL
2024-03-27,170.41000366210938,173.60000610351562,170.11000061035156,173.30999755859375,172.68516540527344,-0.19221794001584283,0.021212602099510702,171.50400085449218,173.1599998474121,0.015678445956131527,processed_AAPL
2024-03-28,171.75,172.22999572753906,170.50999450683594,171.47999572753906,170.86175537109375,-0.10677868959256342,-0.010559124440792766,171.5260009765625,172.69649963378907,0.015788429448740503,processed_AAPL
2024-04-01,171.19000244140625,171.25,169.47999572753906,170.02999877929688,169.41697692871094,-0.4142707446496531,-0.008455779008450959,171.0760009765625,172.21499938964843,0.015826167574540317,processed_AAPL
2024-04-02,169.0800018310547,169.33999633789062,168.22999572753906,168.83999633789062,168.2312774658203,-0.36539089789677126,-0.006998779332762939,170.6739990234375,171.9019989013672,0.014944589453662544,processed_AAPL
2024-04-03,168.7899932861328,170.67999267578125,168.5800018310547,169.64999389648438,169.03834533691406,-0.39130718569601697,0.004797427008780275,170.66199645996093,171.87849884033204,0.01360365964589066,processed_AAPL
2024-04-04,170.2899932861328,171.9199981689453,168.82000732421875,168.82000732421875,168.2113494873047,-0.29616317320943475,-0.00489234660846527,169.76399841308594,171.8634994506836,0.013583198460620302,processed_AAPL
2024-04-05,169.58999633789062,170.38999938964844,168.9499969482422,169.5800018310547,168.96861267089844,-0.48049826896653114,0.004501803541427263,169.38399963378907,171.89249954223632,0.013618813104655165,processed_AAPL
2024-04-08,169.02999877929688,169.1999969482422,168.24000549316406,168.4499969482422,167.84268188476562,-0.5537579084977118,-0.0066635503633162285,169.06799926757813,171.77849960327148,0.01349093769981143,processed_AAPL
2024-04-09,168.6999969482422,170.0800018310547,168.35000610351562,169.6699981689453,169.05828857421875,-0.47423202768645956,0.007242512572309456,169.23399963378907,171.62449951171874,0.013306412320063663,processed_AAPL
2024-04-10,168.8000030517578,169.08999633789062,167.11000061035156,167.77999877929688,167.17510986328125,-0.3593810028508844,-0.01113926687125033,168.86000061035156,171.35199966430665,0.013471545458585612,processed_AAPL
2024-04-11,168.33999633789062,175.4600067138672,168.16000366210938,175.0399932861328,174.40892028808594,0.29510891024265545,0.04327091762818491,170.10399780273437,171.54749908447266,0.01652342735315913,processed_AAPL
2024-04-12,174.25999450683594,178.36000061035156,174.2100067138672,176.5500030517578,175.91348266601562,0.461623195571427,0.00862665575607413,171.497998046875,171.72499923706056,0.016460468583634185,processed_AAPL
2024-04-15,175.36000061035156,176.6300048828125,172.5,172.69000244140625,172.0673828125,0.017582464054433488,-0.021863497839872292,172.34599914550782,171.72849960327147,0.01723958916535444,processed_AAPL
2024-04-16,171.75,173.75999450683594,168.27000427246094,169.3800048828125,168.76934814453125,0.02042126124040532,-0.019167279586534414,172.28800048828126,171.51149978637696,0.017695178753764716,processed_AAPL
2024-04-17,169.61000061035156,170.64999389648438,168.0,168.0,167.39430236816406,-0.3405205660283659,-0.008147389556206863,172.33200073242188,171.1074996948242,0.017409896004452124,processed_AAPL
2024-04-18,168.02999877929688,168.63999938964844,166.5500030517578,167.0399932861328,166.437744140625,-0.4636031532727623,-0.0057143256777808515,170.73200073242188,170.5259994506836,0.016958873294712573,processed_AAPL
2024-04-19,166.2100067138672,166.39999389648438,164.0800018310547,165.0,164.40512084960938,-0.0735581165032141,-0.012212603975853775,168.4220001220703,170.2074996948242,0.01466812791688249,processed_AAPL
2024-04-22,165.52000427246094,167.25999450683594,164.77000427246094,165.83999633789062,165.24209594726562,-0.38458680016155633,0.005090886896306879,167.0519989013672,169.8854995727539,0.014662621310466372,processed_AAPL
2024-04-23,165.35000610351562,167.0500030517578,164.9199981689453,166.89999389648438,166.2982635498047,-0.36209479168808717,0.006391688265803275,166.55599670410157,169.68799896240233,0.014687942127608615,processed_AAPL
2024-04-24,166.5399932861328,169.3000030517578,166.2100067138672,169.02000427246094,168.41064453125,-0.38244425200670357,0.012702279529689164,166.75999755859374,169.65349884033202,0.014935655911306559,processed_AAPL
2024-04-25,169.52999877929688,170.61000061035156,168.14999389648438,169.88999938964844,169.27749633789062,-0.3459465613186097,0.005147290824730311,167.3299987792969,169.48249893188478,0.014139979809246726,processed_AAPL
2024-04-26,169.8800048828125,171.33999633789062,169.17999267578125,169.3000030517578,168.6896209716797,-0.4364573529799268,-0.003472813820767917,168.18999938964845,169.3734992980957,0.013973059700950897,processed_AAPL
2024-04-29,173.3699951171875,176.02999877929688,173.10000610351562,173.5,172.8744659423828,-0.06727130422904125,0.024808014604454476,169.7220001220703,169.5469993591309,0.014929200144685965,processed_AAPL
2024-04-30,173.3300018310547,174.99000549316406,170.0,170.3300018310547,169.71591186523438,-0.10263126070492007,-0.01827088281812861,170.4080017089844,169.62149963378906,0.015455154031633342,processed_AAPL
2024-05-01,169.5800018310547,172.7100067138672,169.11000061035156,169.3000030517578,168.6896209716797,-0.34871889836979286,-0.006047077838456816,170.46400146484376,169.6040000915527,0.01548855790130721,processed_AAPL
2024-05-02,172.50999450683594,173.4199981689453,170.88999938964844,173.02999877929688,172.4061737060547,0.3448685625894059,0.02203187040935095,171.09200134277344,169.81449966430665,0.016194088240132024,processed_AAPL
2024-05-03,186.6499938964844,187.0,182.66000366210935,183.3800048828125,182.7188415527344,1.436859213459905,0.05981625253732603,173.9080017089844,170.50449981689454,0.020821886756327988,processed_AAPL
2024-05-06,182.3500061035156,184.1999969482422,180.4199981689453,181.7100067138672,181.0548858642578,0.0973013957334051,-0.009106762593950823,175.5500030517578,171.1675003051758,0.020895528949326923,processed_AAPL
2024-05-07,183.4499969482422,184.8999938964844,181.32000732421875,182.3999938964844,181.7423858642578,0.07730164231450988,0.0037971886914500708,177.96400146484376,171.80400009155272,0.020881581586003277,processed_AAPL
2024-05-08,182.8500061035156,183.07000732421875,181.4499969482422,182.7400054931641,182.08116149902344,-0.43299667881843273,0.0018640987283840005,180.652001953125,172.5520004272461,0.020591485867376424,processed_AAPL
2024-05-09,182.55999755859375,184.66000366210935,182.11000061035156,184.57000732421875,183.9045867919922,-0.37087385901683395,0.010014237583697128,182.9600036621094,173.02850112915038,0.01853387244784464,processed_AAPL
2024-05-10,184.8999938964844,185.08999633789065,182.1300048828125,183.0500030517578,182.6374359130859,-0.3427628043854016,-0.008235380680192916,182.89400329589844,173.3535011291504,0.018638786337212894,processed_AAPL
2024-05-13,185.44000244140625,187.1000061035156,184.6199951171875,186.27999877929688,185.86013793945312,-0.0059475884290677294,0.017645428427694565,183.80800170898436,174.03300094604492,0.018064528389338676,processed_AAPL
2024-05-14,187.5099945068359,188.3000030517578,186.2899932861328,187.42999267578125,187.0075531005859,-0.3169050648001364,0.006173469529849429,184.81400146484376,174.93550033569335,0.017227287840071444,processed_AAPL
2024-05-15,187.91000366210935,190.6499938964844,187.3699951171875,189.72000122070312,189.2924041748047,-0.031974643119627784,0.012217940748059153,186.21000061035156,176.02150039672853,0.016996299641814015,processed_AAPL
2024-05-16,190.47000122070312,191.1000061035156,189.66000366210935,189.83999633789065,189.41212463378903,-0.30975901792619615,0.000632485327932919,187.26399841308591,177.1615005493164,0.016819842743322867,processed_AAPL
2024-05-17,189.5099945068359,190.80999755859375,189.17999267578125,189.8699951171875,189.44204711914065,-0.4927190218468324,0.00015802138577503122,188.62799682617188,178.40500030517578,0.016313412110556515,processed_AAPL
2024-05-20,189.3300018310547,191.9199981689453,189.0099945068359,191.0399932861328,190.6094207763672,-0.44400690781508384,0.006162101432736655,189.57999572753903,179.66500015258788,0.016307991463876206,processed_AAPL
2024-05-21,191.08999633789065,192.72999572753903,190.9199981689453,192.3500061035156,191.91647338867188,-0.4764758484276569,0.006857270013722605,190.56399841308593,180.93750076293944,0.01630707690959905,processed_AAPL
2024-05-22,192.27000427246097,192.82000732421875,190.27000427246097,190.8999938964844,190.4697265625,-0.5977007166662948,-0.007538404788252739,190.79999694824215,182.03150024414063,0.016576405594186442,processed_AAPL
2024-05-23,190.97999572753903,191.0,186.6300048828125,186.8800048828125,186.45880126953125,-0.3388638098111348,-0.02105808874908477,190.20799865722657,182.88100051879883,0.017666562348046387,processed_AAPL
2024-05-24,188.82000732421875,190.5800018310547,188.0399932861328,189.97999572753903,189.5518035888672,-0.5716530909816334,0.01658813550797178,190.2299987792969,183.91500015258788,0.01773418765227199,processed_AAPL
2024-05-28,191.5099945068359,193.0,189.1000061035156,189.9900054931641,189.5617828369141,-0.3187010708235913,5.268852431927762e-05,190.0200012207031,184.7395004272461,0.01720285451539498,processed_AAPL
2024-05-29,189.61000061035156,192.25,189.5099945068359,190.2899932861328,189.86111450195312,-0.30623346601407503,0.0015789661787208864,189.60799865722657,185.7375,0.01636056164248439,processed_AAPL
2024-05-30,190.7599945068359,192.17999267578125,190.6300048828125,191.2899932861328,190.85885620117188,-0.3556054342412251,0.005255137081729533,189.68599853515624,186.83699951171872,0.01612770695360939,processed_AAPL
2024-05-31,191.44000244140625,192.57000732421875,189.91000366210935,192.25,191.81668090820312,0.04331994244341447,0.005018593484036549,190.75999755859377,187.7979995727539,0.015694070685459683,processed_AAPL
2024-06-03,192.8999938964844,194.9900054931641,192.52000427246097,194.02999877929688,193.5926818847656,-0.3535071928428981,0.009258771283728873,191.56999816894532,188.33049926757812,0.009191508715589292,processed_AAPL
2024-06-04,194.63999938964844,195.32000732421875,193.02999877929688,194.3500061035156,193.91195678710935,-0.3947931780040972,0.0016492672588361845,192.44199829101564,188.96249923706057,0.008758528185179242,processed_AAPL
2024-06-05,195.3999938964844,196.8999938964844,194.8699951171875,195.8699951171875,195.42852783203125,-0.2890044672622014,0.007820884826020169,193.55799865722656,189.6359992980957,0.008814057169867983,processed_AAPL
2024-06-06,195.69000244140625,196.5,194.1699981689453,194.47999572753903,194.0416717529297,-0.4943188122342446,-0.007096540686677644,194.1959991455078,190.22299880981444,0.009129351318042798,processed_AAPL
2024-06-07,194.6499938964844,196.94000244140625,194.13999938964844,196.88999938964844,196.44622802734375,-0.30566539010004834,0.01239203884745943,195.1239990234375,190.83899841308593,0.009238176026812853,processed_AAPL
2024-06-10,196.8999938964844,197.3000030517578,192.1499938964844,193.1199951171875,192.68472290039065,0.39308697276272464,-0.019147769232301326,194.94199829101564,191.3424980163574,0.010223573150754601,processed_AAPL
2024-06-11,193.6499938964844,207.16000366210935,193.6300048828125,207.1499938964844,206.68310546875,1.5816347051761452,0.07264912559045644,197.5019958496094,192.3859977722168,0.018497139333205122,processed_AAPL
2024-06-12,207.3699951171875,220.1999969482422,206.8999938964844,213.07000732421875,212.58978271484375,1.9892726890547432,0.02857839054869893,200.94199829101564,193.66799850463863,0.019206140529781028,processed_AAPL
2024-06-13,214.7400054931641,216.75,211.6000061035156,214.2400054931641,213.75714111328125,0.4025907720374999,0.005491144359726752,204.8940002441406,194.8939987182617,0.01916145552317247,processed_AAPL
2024-06-14,213.8500061035156,215.1699981689453,211.3000030517578,212.4900054931641,212.01107788085935,-0.03636259439983954,-0.008168409051202308,208.01400146484377,196.0264991760254,0.01939722364559714,processed_AAPL
2024-06-17,213.3699951171875,218.9499969482422,212.72000122070312,216.6699981689453,216.18165588378903,0.3371686812588937,0.019671478976528656,212.7240020751953,197.3664993286133,0.019587002157501563,processed_AAPL
2024-06-18,217.58999633789065,218.6300048828125,213.0,214.2899932861328,213.8070068359375,0.11903702457761307,-0.010984469021671939,214.152001953125,198.52899932861328,0.019987585544096183,processed_AAPL
2024-06-20,213.92999267578125,214.2400054931641,208.8500061035156,209.67999267578125,209.2073974609375,0.21760689877413344,-0.021512906597537684,213.4739990234375,199.39549865722657,0.020904971465852098,processed_AAPL
2024-06-21,210.38999938964844,211.88999938964844,207.11000061035156,207.4900054931641,207.02235412597656,2.7533601115672326,-0.010444426073609403,212.1239990234375,200.22499923706056,0.02100309998479127,processed_AAPL
2024-06-24,207.72000122070312,212.6999969482422,206.58999633789065,208.13999938964844,207.67088317871097,0.13143816925234064,0.00313265159417897,211.2539978027344,201.28799896240236,0.02013989653240233,processed_AAPL
2024-06-25,209.1499938964844,211.3800048828125,208.61000061035156,209.07000732421875,208.59878540039065,-0.24854132186505212,0.004468184574312861,209.73399963378907,202.24249954223632,0.019973175611636505,processed_AAPL
2024-06-26,211.5,214.86000061035156,210.63999938964844,213.25,212.7693634033203,-0.09822590319893033,0.01999326794540668,209.5260009765625,203.40549926757816,0.02021039386727363,processed_AAPL
2024-06-27,214.69000244140625,215.7400054931641,212.3500061035156,214.1000061035156,213.61746215820312,-0.35837777129240833,0.003985960626099017,210.41000366210935,204.59599990844723,0.02018996231107918,processed_AAPL
2024-06-28,215.77000427246097,216.07000732421875,210.3000030517578,210.6199951171875,210.1452789306641,0.16016951847513364,-0.016254137725925766,211.03600158691407,205.5625,0.02080098749940417,processed_AAPL
2024-07-01,212.08999633789065,217.5099945068359,211.9199981689453,216.75,216.261474609375,-0.19016717014236484,0.029104572333703782,212.7580017089844,206.7875,0.0214865403754313,processed_AAPL
2024-07-02,216.1499938964844,220.3800048828125,215.1000061035156,220.27000427246097,219.77354431152344,-0.2274592176795991,0.01623992743926639,214.9980010986328,208.0995002746582,0.021594778015180678,processed_AAPL
2024-07-03,220.0,221.5500030517578,219.02999877929688,221.5500030517578,221.0506591796875,-0.5546392964757421,0.0058110444203449685,216.6580017089844,209.45950012207032,0.02156481134685435,processed_AAPL
2024-07-05,221.6499938964844,226.4499969482422,221.6499938964844,226.33999633789065,225.8298492431641,-0.1900168436470096,0.021620371113304948,219.1059997558594,210.98300018310547,0.021818911582597716,processed_AAPL
2024-07-08,227.08999633789065,227.8500061035156,223.25,227.82000732421875,227.30653381347656,-0.21100716955108784,0.00653888402524605,222.54600219726564,212.65000076293944,0.021550971648188765,processed_AAPL
2024-07-09,227.92999267578125,229.3999938964844,226.3699951171875,228.67999267578125,228.16458129882812,-0.38522450097869493,0.00377484559702701,224.93200073242187,214.2395004272461,0.021548011998820716,processed_AAPL
2024-07-10,229.3000030517578,233.0800018310547,229.25,232.97999572753903,232.45489501953125,-0.15496228731432618,0.018803582252402196,227.4739990234375,216.23250045776368,0.02071156866938535,processed_AAPL
2024-07-11,231.38999938964844,232.38999938964844,225.77000427246097,227.57000732421875,227.05709838867188,-0.1220028076116465,-0.023220827978926772,228.6779998779297,217.2535011291504,0.0158905123555561,processed_AAPL
2024-07-12,228.9199981689453,232.63999938964844,228.67999267578125,230.5399932861328,230.0203857421875,-0.3065736786088264,0.013050867277438316,229.51799926757812,218.1270004272461,0.015024972041991217,processed_AAPL
2024-07-15,236.47999572753903,237.22999572753903,233.08999633789065,234.3999938964844,233.87168884277344,-0.15490532148450734,0.01674330147811176,230.8339965820313,219.1349998474121,0.015289907295479944,processed_AAPL
2024-07-16,235.0,236.27000427246097,232.3300018310547,234.82000732421875,234.29074096679688,-0.46184037731670174,0.0017918662059344115,232.0619995117187,220.25149993896488,0.015011196997470418,processed_AAPL
2024-07-17,229.4499969482422,231.4600067138672,226.63999938964844,228.8800048828125,228.3641357421875,-0.2385406539635237,-0.025295980990260425,231.24200134277345,220.8620002746582,0.016048087047566575,processed_AAPL
2024-07-18,230.27999877929688,230.44000244140625,222.27000427246097,224.17999267578125,223.6747283935547,-0.1010520413116091,-0.020534830945314275,230.56399841308593,221.35650024414065,0.016614054243052904,processed_AAPL
2024-07-19,224.82000732421875,226.8000030517578,223.27999877929688,224.30999755859375,223.8044281005859,-0.3682075417044802,0.0005799129586043783,229.31799926757813,222.08800048828124,0.015647499153777285,processed_AAPL
2024-07-22,227.0099945068359,227.77999877929688,223.08999633789065,223.9600067138672,223.45523071289065,-0.38323544408752064,-0.0015602998017738567,227.2300018310547,222.9115005493164,0.015354327656479618,processed_AAPL
2024-07-23,224.3699951171875,226.94000244140625,222.67999267578125,225.0099945068359,224.5028533935547,-0.513647634768607,0.004688282557118395,225.26799926757812,223.75500030517577,0.01535396994567427,processed_AAPL
2024-07-24,224.0,224.8000030517578,217.1300048828125,218.5399932861328,218.0474395751953,-0.1684141350723789,-0.02875428371474642,223.1999969482422,224.22849960327147,0.0170103267185662,processed_AAPL
2024-07-25,218.92999267578125,220.8500061035156,214.6199951171875,217.4900054931641,216.99981689453125,-0.3327668836363581,-0.004804556718339348,221.86199951171875,224.44049987792968,0.016554682788082576,processed_AAPL
2024-07-26,218.6999969482422,219.4900054931641,216.0099945068359,217.9600067138672,217.46875,-0.48768071067618896,0.002161024455525462,220.59200134277344,224.63349990844728,0.01654305340933925,processed_AAPL
2024-07-29,216.9600067138672,219.3000030517578,215.75,218.2400054931641,217.7481231689453,-0.5713809209058324,0.0012846337432190769,219.4480010986328,225.0145004272461,0.016036023454092014,processed_AAPL
2024-07-30,219.19000244140625,220.3300018310547,216.1199951171875,218.8000030517578,218.30685424804688,-0.4870081974074944,0.0025659711533101426,218.2060028076172,225.117000579834,0.014709692626425972,processed_AAPL
2024-07-31,221.44000244140625,223.82000732421875,220.6300048828125,222.0800018310547,221.5794677734375,-0.35420660664234044,0.014990853444005525,218.91400451660155,225.20750045776367,0.014642175787386986,processed_AAPL
2024-08-01,224.3699951171875,224.47999572753903,217.02000427246097,218.36000061035156,217.8678436279297,-0.15696716804711677,-0.016750725819666967,219.08800354003907,225.04800033569336,0.015075129456264687,processed_AAPL
2024-08-02,219.1499938964844,225.6000061035156,217.7100067138672,219.86000061035156,219.36447143554688,0.5245277131488731,0.006869389978967133,219.4680023193359,224.7240005493164,0.014269245245135152,processed_AAPL
2024-08-05,199.08999633789065,213.5,196.0,209.27000427246097,208.79833984375,0.7457450189453405,-0.04816699858315199,217.67400207519532,223.7965003967285,0.01754415305237668,processed_AAPL
2024-08-06,205.3000030517578,209.9900054931641,201.07000732421875,207.22999572753903,206.762939453125,-0.043676373994913024,-0.009748212850733906,215.36000061035156,222.7240005493164,0.01748561275341551,processed_AAPL
2024-08-07,206.8999938964844,213.63999938964844,206.38999938964844,209.82000732421875,209.34710693359375,-0.14089963926988264,0.012498246634550902,212.9080017089844,221.5660011291504,0.01709068033531151,processed_AAPL
2024-08-08,213.11000061035156,214.1999969482422,208.8300018310547,213.30999755859375,212.8292236328125,-0.39970331605764825,0.016633257613904107,211.8980010986328,220.8530006408691,0.01718742430610183,processed_AAPL
2024-08-09,212.1000061035156,216.77999877929688,211.97000122070312,216.2400054931641,215.7526397705078,-0.4781816585538986,0.013735914716165532,211.17400207519532,220.13800125122071,0.01722192760539459,processed_AAPL
2024-08-12,216.07000732421875,219.5099945068359,215.6000061035156,217.52999877929688,217.2909393310547,-0.5442224615397038,0.005965562584919315,212.8260009765625,219.29450149536132,0.01673150147536866,processed_AAPL
2024-08-13,219.0099945068359,221.88999938964844,219.0099945068359,221.27000427246097,221.02682495117188,-0.4472666191880504,0.01719305619524536,215.63400268554688,218.61700134277345,0.017335860770082992,processed_AAPL
2024-08-14,220.57000732421875,223.02999877929688,219.6999969482422,221.72000122070312,221.4763336181641,-0.4819952043834371,0.002033700635211577,218.01400146484377,218.25900115966795,0.016529540500609063,processed_AAPL
2024-08-15,224.6000061035156,225.3500061035156,222.7599945068359,224.72000122070312,224.47303771972656,-0.41152530812921767,0.01353057903429189,220.29600219726564,218.28600158691407,0.01621218186196199,processed_AAPL
2024-08-16,223.9199981689453,226.8300018310547,223.6499938964844,226.0500030517578,225.80157470703125,-0.4443407908731887,0.0059184844421056315,222.2580017089844,218.37300186157228,0.016261820037027454,processed_AAPL
2024-08-19,225.72000122070312,225.9900054931641,223.0399932861328,225.88999938964844,225.64175415039065,-0.5021357899927178,-0.0007078241979617816,223.93000183105468,218.46950149536133,0.016257212967030074,processed_AAPL
2024-08-20,225.77000427246097,227.1699981689453,225.4499969482422,226.5099945068359,226.2610626220703,-0.6665265157765762,0.0027446771387076296,224.97799987792968,218.54450149536132,0.016237013179546053,processed_AAPL
2024-08-21,226.52000427246097,227.97999572753903,225.0500030517578,226.3999938964844,226.15118408203125,-0.5958493271971826,-0.0004856324798868661,225.91399841308595,218.9375015258789,0.014719582112288103,processed_AAPL
2024-08-22,227.7899932861328,228.33999633789065,223.8999938964844,224.52999877929688,224.2832489013672,-0.4545455863315679,-0.008259695969967784,225.8759979248047,219.28950119018555,0.014821998590794567,processed_AAPL
2024-08-23,225.66000366210935,228.22000122070312,224.3300018310547,226.83999633789065,226.5906982421875,-0.5339496235623743,0.010288146667049247,226.03399658203125,219.7335006713867,0.014946179457326637,processed_AAPL
2024-08-26,226.7599945068359,227.27999877929688,223.88999938964844,227.17999267578125,226.93032836914065,-0.6617287269985012,0.0014988376978464224,226.2919952392578,220.1805000305176,0.01494563613429478,processed_AAPL
2024-08-27,226.0,228.8500061035156,224.88999938964844,228.02999877929688,227.7793884277344,-0.5773496739635167,0.0037415535298863656,226.59599609375,220.64199981689453,0.014949804358971185,processed_AAPL
2024-08-28,227.9199981689453,229.86000061035156,225.67999267578125,226.4900054931641,226.2410888671875,-0.5438411069567499,-0.006753467940081359,226.6139984130859,220.8625,0.014758257999082681,processed_AAPL
2024-08-29,230.1000061035156,232.9199981689453,228.8800048828125,229.7899932861328,229.53746032714844,-0.3246160228197801,0.014570125448949867,227.6659973144531,221.43399963378903,0.014423584759483925,processed_AAPL
2024-08-30,230.19000244140625,230.3999938964844,227.47999572753903,229.0,228.7483367919922,-0.3074550665868567,-0.0034378924636161434,228.097998046875,221.8909996032715,0.014449196102504102,processed_AAPL
2024-09-03,228.5500030517578,229.0,221.1699981689453,222.77000427246097,222.52517700195312,-0.3517649878809388,-0.027205221517637712,227.21600036621095,222.56599960327148,0.010942914314696808,processed_AAPL
2024-09-04,221.66000366210935,221.77999877929688,217.47999572753903,220.8500061035156,220.6072998046875,-0.4522527116813599,-0.008618746384711162,225.78000183105468,223.24700012207032,0.010875347855271647,processed_AAPL
2024-09-05,221.6300048828125,225.47999572753903,221.52000427246097,222.3800048828125,222.13560485839844,-0.5665768025911108,0.006927773316790287,224.95800170898437,223.875,0.010695720404570097,processed_AAPL
2024-09-06,223.9499969482422,225.2400054931641,219.77000427246097,220.82000732421875,220.57733154296875,-0.3797352103219857,-0.007015008203708928,223.16400451660155,224.2505004882813,0.010408545895993177,processed_AAPL
2024-09-09,220.82000732421875,221.27000427246097,216.7100067138672,220.91000366210935,220.6672210693359,-0.08292741312425046,0.0004075551802624755,221.54600524902344,224.4840003967285,0.010022508106379648,processed_AAPL
2024-09-10,218.9199981689453,221.47999572753903,216.72999572753903,220.11000061035156,219.86810302734375,-0.3296052800814128,-0.0036213980285900726,221.01400451660157,224.61300048828124,0.010007649118867038,processed_AAPL
2024-09-11,221.4600067138672,223.08999633789065,217.88999938964844,222.66000366210935,222.4152984619141,-0.4404338843781137,0.011585130365211915,221.37600402832032,224.68250045776367,0.009589191508028313,processed_AAPL
2024-09-12,222.5,223.5500030517578,219.82000732421875,222.77000427246097,222.52517700195312,-0.5526075152122036,0.0004940295003252881,221.45400390625,224.73500061035156,0.009581199964869088,processed_AAPL
2024-09-13,223.5800018310547,224.0399932861328,221.91000366210935,222.5,222.25547790527344,-0.5641842377387198,-0.001212031545013259,221.79000244140624,224.6240005493164,0.009061115603775883,processed_AAPL
2024-09-16,216.5399932861328,217.22000122070312,213.9199981689453,216.32000732421875,216.082275390625,-0.20671099655225086,-0.027775247981039364,220.87200317382812,224.13750076293945,0.010782165963439186,processed_AAPL
2024-09-17,215.75,216.8999938964844,214.5,216.7899932861328,216.55174255371097,-0.4256828992233593,0.0021726421320320544,220.20800170898437,223.68250045776367,0.0108214935870189,processed_AAPL
2024-09-18,217.5500030517578,222.7100067138672,217.5399932861328,220.69000244140625,220.4474639892578,-0.1982056816834668,0.017989802463465043,219.81400146484376,223.3915008544922,0.011676289450428742,processed_AAPL
2024-09-19,224.9900054931641,229.82000732421875,224.6300048828125,228.8699951171875,228.61846923828125,-0.08923637877668619,0.03706553348719566,221.03399963378905,223.51500091552737,0.014484613660110206,processed_AAPL
2024-09-20,229.97000122070312,233.08999633789065,227.6199951171875,228.1999969482422,227.94920349121097,3.896767171001713,-0.002927418111763669,222.1739990234375,223.6985008239746,0.014360681389872083,processed_AAPL
2024-09-23,227.33999633789065,229.4499969482422,225.80999755859375,226.47000122070312,226.2211151123047,-0.2891753647516579,-0.007581050616453089,224.20399780273436,223.68000106811525,0.014302174864788604,processed_AAPL
2024-09-24,228.6499938964844,229.3500061035156,225.72999572753903,227.3699951171875,227.1201171875,-0.4567482650845628,0.0039740093241191765,226.31999816894532,223.68950119018555,0.01432637649629237,processed_AAPL
2024-09-25,224.92999267578125,227.2899932861328,224.02000427246097,226.3699951171875,226.1212158203125,-0.4764869251167883,-0.004398117700115112,227.45599670410155,223.60650100708008,0.014334263490357659,processed_AAPL
2024-09-26,227.3000030517578,228.5,225.41000366210935,227.52000427246097,227.26995849609375,-0.5662397547646827,0.005080219022305155,227.18599853515624,223.65800094604492,0.014296650780283382,processed_AAPL
2024-09-27,228.4600067138672,229.52000427246097,227.3000030517578,227.7899932861328,227.53965759277344,-0.6075510580724679,0.0011866605511685613,227.10399780273437,223.55800094604493,0.01390251657208693,processed_AAPL
2024-09-30,230.0399932861328,233.0,229.6499938964844,233.0,232.7439422607422,-0.2829107058557479,0.02287197360475246,228.40999755859377,223.75800094604492,0.01480965882078447,processed_AAPL
2024-10-01,229.52000427246097,229.6499938964844,223.7400054931641,226.2100067138672,225.96141052246097,-0.14456127621990428,-0.029141602086406926,228.1779998779297,223.93000106811525,0.015008545107045211,processed_AAPL
2024-10-02,225.88999938964844,227.3699951171875,223.02000427246097,226.77999877929688,226.53077697753903,-0.6256756862598265,0.002519747352073054,228.26000061035157,224.22650070190429,0.014843538518621129,processed_AAPL
2024-10-03,225.13999938964844,226.80999755859375,223.32000732421875,225.6699981689453,225.42198181152344,-0.6072630641550505,-0.004894614235498862,227.88999938964844,224.39100036621093,0.014848485048181257,processed_AAPL
2024-10-04,227.8999938964844,228.0,224.1300048828125,226.8000030517578,226.55075073242188,-0.5566125295252999,0.005007333238716605,227.69200134277344,224.69000015258788,0.01475686173944264,processed_AAPL
2024-10-07,224.5,225.69000244140625,221.3300018310547,221.69000244140625,221.4463653564453,-0.5208459003198811,-0.022530866585506182,225.43000183105468,224.7290000915527,0.015702446308939716,processed_AAPL
2024-10-08,224.3000030517578,225.97999572753903,223.25,225.77000427246097,225.5218811035156,-0.641893541532416,0.01840408582309916,225.34200134277344,225.0120002746582,0.01617859530569122,processed_AAPL
2024-10-09,225.22999572753903,229.75,224.8300018310547,229.5399932861328,229.28773498535156,-0.6144328467914152,0.016698360908574017,225.8940002441406,225.3559997558594,0.016387164134276554,processed_AAPL
2024-10-10,227.77999877929688,229.5,227.1699981689453,229.0399932861328,228.7882843017578,-0.7000018527159486,-0.0021782696463562568,226.56799926757813,225.66949920654295,0.01640796831776363,processed_AAPL
2024-10-11,229.3000030517578,229.41000366210935,227.33999633789065,227.5500030517578,227.2999267578125,-0.643420542248393,-0.006505371454991304,226.71799926757816,225.9219993591309,0.016496749656431133,processed_AAPL
2024-10-14,228.6999969482422,231.72999572753903,228.6000061035156,231.3000030517578,231.0458068847656,-0.5148850591830049,0.01647989430765695,228.63999938964844,226.6709991455078,0.015324736948357974,processed_AAPL
2024-10-15,233.61000061035156,237.4900054931641,232.3699951171875,233.8500061035156,233.5930023193359,-0.12135719487369973,0.011024656368842312,230.25599975585936,227.52399978637695,0.015413033164109297,processed_AAPL
2024-10-16,231.6000061035156,232.1199951171875,229.83999633789065,231.77999877929688,231.5252685546875,-0.6066617581736294,-0.008851859184054955,230.7040008544922,228.0784996032715,0.015290387395015629,processed_AAPL
2024-10-17,233.42999267578125,233.8500061035156,230.52000427246097,232.1499938964844,231.89486694335935,-0.6238844273888566,0.0015963203000093351,231.3260009765625,228.24249954223632,0.01295718248834373,processed_AAPL
2024-10-18,236.17999267578125,236.17999267578125,234.0099945068359,235.0,234.74172973632812,-0.4112483909009317,0.01227657195109133,232.81600036621097,228.5824996948242,0.01317173053924377,processed_AAPL
2024-10-21,234.4499969482422,236.8500061035156,234.4499969482422,236.47999572753903,236.22010803222656,-0.5722876270304488,0.00629785415974049,233.8519989013672,229.082999420166,0.013030080994716411,processed_AAPL
2024-10-22,233.88999938964844,236.22000122070312,232.6000061035156,235.86000061035156,235.60079956054688,-0.5312706471767276,-0.002621765597043524,234.2539978027344,229.50749969482425,0.013067454810445415,processed_AAPL
2024-10-23,234.0800018310547,235.13999938964844,227.7599945068359,230.7599945068359,230.5063934326172,-0.3185918863164385,-0.021623022514703716,234.04999694824215,229.72699966430665,0.01403715716957889,processed_AAPL
2024-10-24,229.97999572753903,230.82000732421875,228.41000366210935,230.57000732421875,230.31661987304688,-0.6537012921465306,-0.0008233107433686104,233.73399963378907,229.87949981689457,0.014010099263248805,processed_AAPL
2024-10-25,229.7400054931641,233.22000122070312,229.57000732421875,231.41000366210935,231.1556854248047,-0.5319716433603315,0.0036431292501519774,233.01600036621093,230.06050033569335,0.014024799845658941,processed_AAPL
2024-10-28,233.32000732421875,234.72999572753903,232.5500030517578,233.3999938964844,233.14349365234375,-0.5749365381170245,0.008599413175243376,232.4,230.0805000305176,0.01318498473486858,processed_AAPL
2024-10-29,233.1000061035156,234.3300018310547,232.32000732421875,233.6699981689453,233.41319274902344,-0.5855369296158123,0.0011568306748999113,231.96199951171872,230.4534996032715,0.011236705207946751,processed_AAPL
2024-10-30,232.61000061035156,233.47000122070312,229.5500030517578,230.1000061035156,229.8471221923828,-0.40113062657144233,-0.015277922255336307,231.8300018310547,230.61949996948243,0.011854755043833837,processed_AAPL
2024-10-31,229.33999633789065,229.8300018310547,225.3699951171875,225.91000366210935,225.66172790527344,-0.1273908256820111,-0.01820948426885871,230.8980010986328,230.63150024414065,0.012544811303231014,processed_AAPL
2024-11-01,220.97000122070312,225.3500061035156,220.27000427246097,222.91000366210935,222.66502380371097,-0.11304493087263504,-0.013279624414008095,229.1980010986328,230.4370002746582,0.012833578683757906,processed_AAPL
2024-11-04,220.9900054931641,222.7899932861328,219.7100067138672,222.0099945068359,221.76600646972656,-0.4347784433844329,-0.004037544930633463,226.9200012207031,230.4529998779297,0.011809798270789236,processed_AAPL
2024-11-05,221.8000030517578,223.9499969482422,221.13999938964844,223.4499969482422,223.2044219970703,-0.7011443340806486,0.006486205472888917,224.8760009765625,230.33699951171872,0.011120190393642645,processed_AAPL
2024-11-06,222.61000061035156,226.07000732421875,221.19000244140625,222.72000122070312,222.47523498535156,-0.28260688809671414,-0.0032669310248778505,223.4,229.9959999084473,0.010369882676926562,processed_AAPL
2024-11-07,224.6300048828125,227.8800048828125,224.57000732421875,227.47999572753903,227.22999572753903,-0.4791928020331829,0.02137210165565251,223.71399841308593,229.9180000305176,0.011553105831180542,processed_AAPL
2024-11-08,227.1699981689453,228.66000366210935,226.41000366210935,226.9600067138672,226.9600067138672,-0.5394642323656696,-0.0022858669924306074,224.5239990234375,229.88850021362305,0.011471643815226577,processed_AAPL
2024-11-11,225.0,225.6999969482422,221.5,224.22999572753903,224.22999572753903,-0.48128313151070173,-0.0120285993371948,224.96799926757816,229.5349998474121,0.011071548760794333,processed_AAPL
2024-11-12,224.5500030517578,225.58999633789065,223.36000061035156,224.22999572753903,224.22999572753903,-0.5070807404978248,0.0,225.1239990234375,229.0539993286133,0.010683170994541224,processed_AAPL
