Date,Open,High,Low,Close,Adj Close,Volume,Returns,MA5,MA20,Volatility,Is_Anomaly
2024-01-02,373.8599853515625,375.8999938964844,366.7699890136719,370.8699951171875,368.8540954589844,25258600,-0.0727988290307957,370.3700012207031,389.0434997558594,1.0424183787796395,-1
2024-01-03,369.010009765625,373.260009765625,368.510009765625,370.6000061035156,368.5855712890625,23083500,-0.0727988290307957,370.3700012207031,389.0434997558594,1.0424183787796395,1
2024-01-04,370.6700134277344,373.1000061035156,367.1700134277344,367.94000244140625,365.94000244140625,20901500,-0.7177559682409629,370.3700012207031,389.0434997558594,1.0424183787796395,1
2024-01-05,368.9700012207031,372.05999755859375,366.5,367.75,365.75103759765625,20987000,-0.0516395173521533,370.3700012207031,389.0434997558594,1.0424183787796395,1
2024-01-08,369.2999877929687,375.2000122070313,369.010009765625,374.69000244140625,372.6533508300781,23134000,1.8871522614293037,370.3700012207031,389.0434997558594,1.0424183787796395,-1
2024-01-09,372.010009765625,375.989990234375,371.19000244140625,375.7900085449219,373.7473449707031,20830000,0.2935776498834253,371.35400390625,389.0434997558594,1.0424183787796395,1
2024-01-10,376.3699951171875,384.1700134277344,376.3200073242187,382.7699890136719,380.68939208984375,25514200,1.8574151281394835,373.7880004882812,389.0434997558594,1.0424183787796395,-1
2024-01-11,386.0,390.6799926757813,380.3800048828125,384.6300048828125,382.5393371582031,27850800,0.48593565914965,377.1260009765625,389.0434997558594,1.0424183787796395,-1
2024-01-12,385.489990234375,388.6799926757813,384.6499938964844,388.4700012207031,386.3584289550781,21645700,0.998361097455347,381.27000122070314,389.0434997558594,1.0424183787796395,1
2024-01-16,393.6600036621094,394.0299987792969,387.6199951171875,390.2699890136719,388.1486511230469,27202300,0.4633530999337276,384.38599853515626,389.0434997558594,1.0424183787796395,1
2024-01-17,387.9800109863281,390.1099853515625,384.80999755859375,389.4700012207031,387.3529968261719,22234100,-0.2049831694695636,387.1219970703125,389.0434997558594,1.0424183787796395,1
2024-01-18,391.7200012207031,393.989990234375,390.1199951171875,393.8699951171875,391.72906494140625,23392100,1.129738845788797,389.3419982910156,389.0434997558594,1.0424183787796395,1
2024-01-19,395.760009765625,398.6700134277344,393.5,398.6700134277344,396.50299072265625,29272000,1.2186808769524935,392.15,389.0434997558594,1.0424183787796395,1
2024-01-22,400.0199890136719,400.6199951171875,393.5899963378906,396.510009765625,394.3547668457031,27016900,-0.541802390287105,393.7580017089843,389.0434997558594,1.0424183787796395,1
2024-01-23,395.75,399.3800048828125,393.9299926757813,398.8999938964844,396.7317504882813,20525900,0.6027550558615369,395.4840026855469,389.0434997558594,1.0424183787796395,1
2024-01-24,401.5400085449219,405.6300048828125,400.4500122070313,402.55999755859375,400.3718566894531,24867000,0.9175241208600138,398.102001953125,389.0434997558594,1.0424183787796395,1
2024-01-25,404.3200073242187,407.010009765625,402.5299987792969,404.8699951171875,402.6692810058594,21021200,0.5738269009845087,400.302001953125,389.0434997558594,1.0424183787796395,1
2024-01-26,404.3699951171875,406.1700134277344,402.4299926757813,403.9299926757813,401.734375,17803300,-0.2321738960018748,401.3539978027344,389.0434997558594,1.0424183787796395,1
2024-01-29,406.05999755859375,409.9800109863281,404.3299865722656,409.7200012207031,407.4928894042969,24510200,1.433418822545618,403.99599609375,389.0434997558594,1.0424183787796395,-1
2024-01-30,412.260009765625,413.0499877929687,406.4500122070313,408.5899963378906,406.36907958984375,33477600,-0.2757992969456779,405.9339965820312,389.0434997558594,1.0424183787796395,-1
2024-01-31,406.9599914550781,415.3200073242187,397.2099914550781,397.5799865722656,395.4189147949219,47871100,-2.6946351756786724,404.9379943847656,390.3789993286133,1.0424183787796395,-1
2024-02-01,401.8299865722656,408.0,401.7999877929687,403.7799987792969,401.585205078125,30657700,1.559437702205435,404.7199951171875,392.0379989624024,1.070794245442647,1
2024-02-02,403.80999755859375,412.6499938964844,403.55999755859375,411.2200012207031,408.9847717285156,28245000,1.8425881578826964,406.17799682617186,394.2019989013672,1.0787293851725206,1
2024-02-05,409.8999938964844,411.1600036621094,403.989990234375,405.6499938964844,403.4450378417969,25352300,-1.354507880862854,405.36399536132814,396.0969985961914,1.154488312617987,1
2024-02-06,405.8800048828125,407.9700012207031,402.9100036621094,405.489990234375,403.285888671875,18382600,-0.0394437728378771,404.743994140625,397.63699798583986,1.1120750855102797,1
2024-02-07,407.44000244140625,414.2999877929687,407.3999938964844,414.0499877929687,411.7994079589844,22340500,2.111025614626394,408.0379943847656,399.5499969482422,1.1752399486473906,1
2024-02-08,414.0499877929687,415.55999755859375,412.5299987792969,414.1099853515625,411.8590393066406,21225300,0.0144904142887813,410.10399169921874,401.1169967651367,1.134121569282364,1
2024-02-09,415.25,420.8200073242187,415.0899963378906,420.5499877929687,418.2640380859375,22032800,1.555142998046488,411.96998901367186,402.91299591064455,1.163193882093568,1
2024-02-12,420.55999755859375,420.739990234375,414.75,415.260009765625,413.0028076171875,21202900,-1.2578714019480297,413.8919921875,404.25249633789065,1.2158243528907036,1
2024-02-13,404.94000244140625,410.0700073242187,403.3900146484375,406.3200073242187,404.1114196777344,27824900,-2.1528686199405733,414.0579956054688,405.054997253418,1.336703096533571,1
2024-02-14,408.0700073242187,409.8399963378906,404.5700073242187,409.489990234375,408.0173034667969,20401200,0.7801690423840935,413.14599609375,406.0559967041016,1.338747175836205,1
2024-02-15,408.1400146484375,409.1300048828125,404.2900085449219,406.55999755859375,405.0978393554687,21825500,-0.7155224170691588,411.63599853515626,406.69049682617185,1.3392001452134337,1
2024-02-16,407.9599914550781,408.2900085449219,403.44000244140625,404.05999755859375,402.6068420410156,22281100,-0.6149153913352468,408.3380004882813,406.95999603271486,1.326129150885336,1
2024-02-20,403.239990234375,404.489990234375,398.010009765625,402.7900085449219,401.3414001464844,24307900,-0.3143070388915925,405.8440002441406,407.2739959716797,1.3215228949176685,1
2024-02-21,400.1700134277344,402.2900085449219,397.2200012207031,402.1799926757813,400.7335815429687,18631100,-0.1514476169218404,405.0159973144531,407.4379959106446,1.3167807579172015,1
2024-02-22,410.19000244140625,412.8299865722656,408.5700073242187,411.6499938964844,410.1695251464844,27009900,2.354667410901601,405.447998046875,407.8924957275391,1.4030460288307665,1
2024-02-23,415.6700134277344,415.8599853515625,408.9700012207031,410.3399963378906,408.8642578125,16295900,-0.3182309189887045,406.2039978027344,408.1659957885742,1.4020740644015768,1
2024-02-26,411.4599914550781,412.1600036621094,407.3599853515625,407.5400085449219,406.0743408203125,16193500,-0.6823580001845908,406.9,408.3464965820313,1.4108757881458491,1
2024-02-27,407.989990234375,408.3200073242187,403.8500061035156,407.4800109863281,406.0145263671875,14835800,-0.0147218818608685,407.8380004882813,408.2344970703125,1.3730061150515522,1
2024-02-28,408.1799926757813,409.2999877929687,405.3200073242187,407.7200012207031,406.253662109375,13183100,0.058896198072178,408.9460021972656,408.1909973144531,1.3717435387235757,1
2024-02-29,408.6400146484375,414.2000122070313,405.9200134277344,413.6400146484375,412.15240478515625,31947300,1.4519801358800155,409.34400634765626,408.9939987182617,1.251392121951882,-1
2024-03-01,411.2699890136719,415.8699951171875,410.8800048828125,415.5,414.0056762695313,17800300,0.4496628192858232,410.3760070800781,409.5799987792969,1.2121923426267796,1
2024-03-04,413.44000244140625,417.3500061035156,412.3200073242187,414.9200134277344,413.42779541015625,17596000,-0.1395876226872761,411.8520080566406,409.7649993896485,1.14574342115647,1
2024-03-05,413.9599914550781,414.25,400.6400146484375,402.6499938964844,401.2018737792969,26919200,-2.957201179544222,410.88600463867186,409.61499938964846,1.2954833033799458,-1
2024-03-06,402.9700012207031,405.1600036621094,398.3900146484375,402.0899963378906,400.6438903808594,22344100,-0.139078000020465,409.7600036621094,409.4449996948242,1.295716632015099,1
2024-03-07,406.1199951171875,409.7799987792969,402.239990234375,409.1400146484375,407.6686096191406,18718500,1.7533433745569926,408.86000366210936,409.19950103759766,1.2666935949380609,1
2024-03-08,407.9599914550781,410.4200134277344,404.3299865722656,406.2200012207031,404.7590637207031,17971700,-0.7136953911104138,407.00400390625,408.8050018310547,1.2751195059986242,1
2024-03-11,403.760009765625,405.6799926757813,401.260009765625,404.5199890136719,403.0651550292969,16120800,-0.4184954462908452,404.9239990234375,408.00350189208984,1.2162419139030605,1
2024-03-12,407.6199951171875,415.5700073242187,406.7900085449219,415.2799987792969,413.7864685058594,22457000,2.659945134444608,407.45,408.00450134277344,1.3435446041848558,1
2024-03-13,418.1000061035156,418.1799926757813,411.4500122070313,415.1000061035156,413.6071472167969,17115900,-0.0433424861082443,410.052001953125,408.4435012817383,1.2440274804184517,1
2024-03-14,420.239990234375,427.8200073242187,417.989990234375,425.2200012207031,423.6907348632813,34157300,2.4379655428537372,413.26799926757815,409.23000183105466,1.342094754033642,-1
2024-03-15,419.2900085449219,422.6000061035156,412.7900085449219,416.4200134277344,414.9223937988281,45049800,-2.0695140792310163,415.3080017089843,409.7230026245117,1.4223100951995191,1
2024-03-18,414.25,420.7300109863281,413.7799987792969,417.3200073242187,415.8191528320313,20106000,0.2161264750644598,417.8680053710938,410.386003112793,1.4115167015607004,1
2024-03-19,417.8299865722656,421.6700134277344,415.5499877929687,421.4100036621094,419.8944396972656,19837900,0.9800623660761064,419.09400634765626,411.3170028686524,1.4177524714455365,1
2024-03-20,422.0,425.9599914550781,420.6600036621094,425.2300109863281,423.7007141113281,17860100,0.9064823547192402,421.1200073242187,412.46950378417966,1.422274325677786,1
2024-03-21,429.8299865722656,430.8200073242187,427.1600036621094,429.3699951171875,427.8258056640625,21296200,0.973587005596488,421.9500061035157,413.35550384521486,1.3482883813520248,1
2024-03-22,429.7000122070313,429.8599853515625,426.0700073242187,428.739990234375,427.1980590820313,17636500,-0.1467277383089049,424.41400146484375,414.27550354003904,1.3452296976853897,1
2024-03-25,425.239990234375,427.4100036621094,421.6099853515625,422.8599853515625,421.3392028808594,18060500,-1.371461728960277,425.5219970703125,415.041502380371,1.3781992108373244,1
2024-03-26,425.6099853515625,425.989990234375,421.3500061035156,421.6499938964844,420.133544921875,16725600,-0.2861447043924325,425.5699951171875,415.750001525879,1.3816916043770722,1
2024-03-27,424.44000244140625,424.4500122070313,419.010009765625,421.4299926757813,419.9143371582031,16705000,-0.0521762655965041,424.80999145507815,416.4355010986328,1.3824276143477874,1
2024-03-28,420.9599914550781,421.8699951171875,419.1199951171875,420.7200012207031,419.2069091796875,21871200,-0.1684719804991186,423.0799926757812,416.7895004272461,1.3507439963152288,1
2024-04-01,423.9500122070313,427.8900146484375,422.2200012207031,424.5700073242187,423.0430908203125,16316000,0.9150993754385216,422.24599609375,417.24300079345704,1.3611713230815274,1
2024-04-02,420.1099853515625,422.3800048828125,417.8399963378906,421.44000244140625,419.9243469238281,17912000,-0.7372176151911325,421.9619995117188,417.5690002441406,1.3735998836960528,1
2024-04-03,419.7300109863281,423.260009765625,419.0899963378906,420.4500122070313,418.9378967285156,16502300,-0.2349065652619386,421.7220031738281,418.459001159668,1.176858527303722,1
2024-04-04,424.989990234375,428.6700134277344,417.5700073242187,417.8800048828125,416.3771362304687,19370900,-0.611251575598315,421.0120056152344,419.2485015869141,1.1891774431326825,1
2024-04-05,420.010009765625,426.510009765625,418.3200073242187,425.5199890136719,423.9896545410156,16544300,1.8282722412147567,421.9720031738281,420.06750030517577,1.1944369262975827,1
2024-04-08,425.1700134277344,427.2799987792969,423.2999877929687,424.5899963378906,423.06298828125,14272400,-0.2185544039745135,421.9760009765625,420.9860000610352,1.1794696969836356,1
2024-04-09,426.44000244140625,427.739990234375,421.6199951171875,426.2799987792969,424.7469177246094,12512300,0.3980316201471101,422.9440002441406,422.0740005493164,1.170009092349958,1
2024-04-10,422.19000244140625,424.0299987792969,419.7000122070313,423.260009765625,421.73779296875,16216600,-0.7084519616965324,423.50599975585936,422.4730010986328,1.043263585645351,1
2024-04-11,425.8200073242187,429.3699951171875,422.3599853515625,427.9299926757813,426.3909912109375,17966400,1.103336673063504,425.5159973144531,423.11450042724607,1.0662063544130589,1
2024-04-12,424.0499877929687,425.1799926757813,419.7699890136719,421.8999938964844,420.3826904296875,19232100,-1.409108705279638,424.7919982910156,422.94850006103513,0.9764176222261192,1
2024-04-15,426.6000061035156,426.8200073242187,413.4299926757813,413.6400146484375,412.15240478515625,20273500,-1.9578050171940808,422.602001953125,422.8095001220703,0.9644105213429662,1
2024-04-16,414.5700073242187,418.3999938964844,413.7300109863281,414.5799865722656,413.0889892578125,16765600,0.2272439538101744,420.2619995117187,422.67249908447263,0.9645624761691596,1
2024-04-17,417.25,418.8800048828125,410.3299865722656,411.8399963378906,410.3588562011719,15855500,-0.6609075023203959,417.9779968261719,422.1939987182617,0.9438250853100036,1
2024-04-18,410.6300048828125,411.8900146484375,403.9500122070313,404.2699890136719,402.8160705566406,21029900,-1.8380942578505644,413.24599609375,421.145997619629,0.9867195244323844,1
2024-04-19,404.0299987792969,405.4800109863281,397.7699890136719,399.1199951171875,397.6846008300781,30276500,-1.273899630553632,408.68999633789065,419.6334976196289,0.9681042998108116,1
2024-04-22,400.0799865722656,402.8500061035156,395.75,400.9599914550781,399.5179748535156,20286900,0.4610133194029364,406.1539916992187,418.244497680664,0.9845543299948126,1
2024-04-23,404.239990234375,408.2000122070313,403.05999755859375,407.5700073242187,406.1042175292969,15734500,1.6485474885294504,404.7519958496094,417.47999877929686,1.046050454604086,1
2024-04-24,409.55999755859375,412.4700012207031,406.7799987792969,409.05999755859375,407.5888366699219,15065300,0.3655789698945533,404.19599609375,416.8504989624024,1.0526598333623292,1
2024-04-25,394.0299987792969,399.8900146484375,388.0299987792969,399.0400085449219,397.6048889160156,40586500,-2.449515736927222,403.15,415.7309997558594,1.1712092165461443,-1
2024-04-26,412.1700134277344,413.0,405.760009765625,406.3200073242187,404.8587341308594,29694700,1.8243781634435408,404.5900024414062,415.01100006103513,1.2612587200612535,1
2024-04-29,405.25,406.3200073242187,399.19000244140625,402.25,400.8033447265625,19582100,-1.0016753423050306,404.84800415039064,413.8949996948242,1.2475027660807252,1
2024-04-30,401.489990234375,402.1600036621094,389.1700134277344,389.3299865722656,387.9297790527344,28781400,-3.211936215720168,401.2,412.2894989013672,1.4093269445768075,-1
2024-05-01,392.6099853515625,401.7200012207031,390.30999755859375,394.94000244140625,393.5196228027344,23562500,1.4409411200334787,398.3760009765625,411.0139984130859,1.4674047647846855,1
2024-05-02,397.6600036621094,399.9299926757813,394.6499938964844,397.8399963378906,396.4092102050781,17709400,0.7342872027541913,398.13599853515626,410.01199798583986,1.4832487099766882,1
2024-05-03,402.2799987792969,407.1499938964844,401.8599853515625,406.6600036621094,405.1974792480469,17446700,2.2169735082964825,398.2039978027344,409.0689987182617,1.5139347463664137,1
2024-05-06,408.760009765625,413.9299926757813,406.3699951171875,413.5400085449219,412.0527648925781,16996600,1.6918321990989416,400.4619995117188,408.5164993286133,1.5728506576446994,1
2024-05-07,414.6600036621094,414.6700134277344,409.0899963378906,409.3399963378906,407.8678588867187,20018200,-1.015624152499628,404.46400146484376,407.669499206543,1.5800949037920249,1
2024-05-08,408.1700134277344,412.2300109863281,406.7099914550781,410.5400085449219,409.06353759765625,11792300,0.2931578193597017,407.58400268554686,407.0334991455078,1.578691610091636,1
2024-05-09,410.5700073242187,412.7200012207031,409.1000061035156,412.3200073242187,410.8371276855469,14689700,0.4335749847148129,410.4800048828125,406.2529998779297,1.5578830897861768,1
2024-05-10,412.94000244140625,415.3800048828125,411.7999877929687,414.739990234375,413.2484130859375,13402300,0.5869186231977741,412.0960021972657,405.8949996948242,1.5384116765408804,1
2024-05-13,418.010009765625,418.3500061035156,410.8200073242187,413.7200012207031,412.2320861816406,15440200,-0.2459345704993287,412.1320007324219,405.8989990234375,1.4743896526576603,1
2024-05-14,412.0199890136719,417.489990234375,411.5499877929687,416.55999755859375,415.0618896484375,15109300,0.686453719788993,413.5760009765625,405.9979995727539,1.4814873339716996,1
2024-05-15,417.8999938964844,423.80999755859375,417.2699890136719,423.0799865722656,422.31878662109375,22239500,1.565198063156492,416.08399658203126,406.5599990844727,1.509859391929702,1
2024-05-16,421.7999877929687,425.4200134277344,420.3500061035156,420.989990234375,420.2325744628906,17530100,-0.4939955573941224,417.8179931640625,407.3959991455078,1.4454560057827752,1
2024-05-17,422.5400085449219,422.9200134277344,418.0299987792969,420.2099914550781,419.4539489746094,15352200,-0.1852772743747732,418.9119934082031,408.4504989624023,1.4064966405177768,1
2024-05-20,420.2099914550781,426.7699890136719,419.989990234375,425.3399963378906,424.5747375488281,16272100,1.2208193491660246,421.2359924316406,409.669499206543,1.4221798704122184,1
2024-05-21,426.8299865722656,432.9700012207031,424.8500061035156,429.0400085449219,428.2680969238281,21453300,0.8698951988733272,423.73199462890625,410.7429992675781,1.3938465143386698,1
2024-05-22,430.0899963378906,432.4100036621094,427.1300048828125,430.5199890136719,429.7454223632813,18073700,0.344951622057188,425.2199951171875,411.815998840332,1.3937768189130355,1
2024-05-23,432.9700012207031,433.6000061035156,425.4200134277344,427.0,426.2317504882813,17211700,-0.8176133753362347,426.4219970703125,413.2139984130859,1.268631223234511,1
2024-05-24,427.19000244140625,431.05999755859375,424.4100036621094,430.1600036621094,429.3860778808594,11845800,0.7400476960443436,428.4119995117187,414.40599822998047,1.2245695270942438,1
2024-05-28,429.6300048828125,430.8200073242187,426.6000061035156,430.3200073242187,429.5457763671875,15718000,0.0371963131735153,429.4080017089844,415.8094985961914,1.1882728807789376,1
2024-05-29,425.69000244140625,430.94000244140625,425.69000244140625,429.1700134277344,428.3978576660156,15517100,-0.267241559051623,429.4340026855469,417.80149993896487,0.8620579609148791,1
2024-05-30,424.2999877929687,424.2999877929687,414.239990234375,414.6700134277344,413.9239501953125,28424800,-3.378614429323723,426.2640075683594,418.7880004882812,1.1929141271310677,-1
2024-05-31,416.75,416.75,404.510009765625,415.1300048828125,414.3831176757813,47995300,0.1109295199032578,423.8900085449219,419.65250091552736,1.187750549449081,-1
2024-06-03,415.5299987792969,416.4299926757813,408.9200134277344,413.5199890136719,412.7760009765625,17484700,-0.3878341363436566,420.5620056152344,419.9955001831055,1.096523917597731,1
2024-06-04,412.4299926757813,416.44000244140625,409.6799926757813,416.0700073242187,415.3214416503906,14348900,0.6166614379704116,417.7120056152344,420.1220001220703,1.0386589460634406,1
2024-06-05,417.80999755859375,424.0799865722656,416.2999877929687,424.010009765625,423.24713134765625,16988000,1.9083332856576485,416.6800048828125,420.85550079345705,1.087525656318583,1
2024-06-06,424.010009765625,425.30999755859375,420.5799865722656,424.5199890136719,423.7561950683594,14861300,0.1202752850879118,418.65,421.5544998168945,1.0872816766037037,1
2024-06-07,426.2000122070313,426.2799987792969,423.0,423.8500061035156,423.0874328613281,13621700,-0.1578212869817741,420.3940002441406,422.13099975585936,1.0878705402624584,1
2024-06-10,424.7000122070313,428.0799865722656,423.8900146484375,427.8699951171875,427.1001892089844,14003000,0.9484461379694054,423.2640014648438,422.7875,1.098574339309383,1
2024-06-11,425.4800109863281,432.8200073242187,425.25,432.6799926757813,431.9015197753906,14551100,1.124172672420376,426.58599853515625,423.7354995727539,1.1144187549291948,1
2024-06-12,435.3200073242187,443.3999938964844,433.25,441.05999755859375,440.2664489746094,22366200,1.9367673626387916,429.99599609375,424.9604995727539,1.174791620837715,1
2024-06-13,440.8500061035156,443.3900146484375,439.3699951171875,441.5799865722656,440.7855224609375,15960600,0.1178953014442818,433.4079956054687,425.88549957275393,1.136229461875347,1
2024-06-14,438.2799987792969,443.1400146484375,436.7200012207031,442.5700073242187,441.7737426757813,13582000,0.2241996426599835,437.15199584960936,426.9645004272461,1.123743604407472,1
2024-06-17,442.5899963378906,450.94000244140625,440.7200012207031,448.3699951171875,447.5632934570313,20790000,1.31052436834469,441.2519958496094,428.3725006103515,1.142428006416209,1
2024-06-18,449.7099914550781,450.1400146484375,444.8900146484375,446.3399963378906,445.5369567871094,17112500,-0.4527508087971643,443.9839965820312,429.4225006103515,1.135097291400908,1
2024-06-20,446.2999877929687,446.5299987792969,441.2699890136719,445.7000122070313,444.8981323242187,19877400,-0.143384894051668,444.9119995117187,430.25550079345703,1.128445359877811,1
2024-06-21,447.3800048828125,450.5799865722656,446.510009765625,449.7799987792969,448.97076416015625,34486200,0.9154109177745172,446.552001953125,431.2185012817382,1.1395433130175696,-1
2024-06-24,449.7999877929687,452.75,446.4100036621094,447.6700134277344,446.8645935058594,15913700,-0.4691149800544747,447.57200317382814,432.252001953125,1.125332828922709,1
2024-06-25,448.25,451.4200134277344,446.75,450.9500122070313,450.138671875,16747500,0.7326822616914974,448.0880065917969,433.291502380371,1.1251626966979456,1
2024-06-26,449.0,453.6000061035156,448.19000244140625,452.1600036621094,451.3464965820313,16507000,0.2683205282900669,449.25200805664065,434.3835021972656,1.1241313016668135,1
2024-06-27,452.1799926757813,456.1700134277344,451.7699890136719,452.8500061035156,452.0352478027344,14806300,0.1526013879639576,450.6820068359375,435.5675018310547,1.117789594714331,1
2024-06-28,453.0700073242187,455.3800048828125,446.4100036621094,446.9500122070313,446.1458740234375,28362300,-1.3028583011955752,450.1160095214844,437.1815017700195,0.8164556177894452,1
2024-07-01,448.6600036621094,457.3699951171875,445.6600036621094,456.7300109863281,455.90826416015625,17662800,2.1881638913048285,451.9280090332031,439.2615020751953,0.9076349317170416,1
2024-07-02,453.2000122070313,459.5899963378906,453.1099853515625,459.2799987792969,458.45367431640625,13979800,0.5583140436648648,453.59400634765626,441.54950256347655,0.8842381010132137,1
2024-07-03,458.19000244140625,461.0199890136719,457.8800048828125,460.7699890136719,459.94097900390625,9932800,0.3244187071797633,455.3160034179688,443.7845016479493,0.8851420979913158,1
2024-07-05,459.6099853515625,468.3500061035156,458.9700012207031,467.55999755859375,466.7187805175781,16000300,1.473622133997177,458.2580017089843,445.9620010375976,0.8539192607341336,1
2024-07-08,466.5499877929687,467.7000122070313,464.4599914550781,466.239990234375,465.4011535644531,12962300,-0.2823182759669973,462.1159973144531,448.0480010986328,0.8678125115484326,1
2024-07-09,467.0,467.3299865722656,458.0,459.5400085449219,458.7132263183594,17207200,-1.4370242428336288,462.67799682617186,449.83250122070314,0.9591181336985386,1
2024-07-10,461.2200012207031,466.4599914550781,458.8599853515625,466.25,465.4111328125,18196100,1.4601539213798809,464.0719970703125,451.7515014648437,0.9808337114138906,1
2024-07-11,462.9800109863281,464.7799987792969,451.5499877929687,454.7000122070313,453.8819274902344,23111200,-2.477209178116613,462.8580017089844,452.8525024414063,1.1615799762639043,1
2024-07-12,454.3299865722656,456.3599853515625,450.6499938964844,453.5499877929687,452.7339782714844,16324300,-0.2529193717151212,460.0559997558594,453.477001953125,1.096061121984614,1
2024-07-15,453.2999877929687,457.260009765625,451.4299926757813,453.9599914550781,453.1432495117187,14429400,0.0903987814230955,457.6,454.0960021972657,1.0961147294256035,1
2024-07-16,454.2200012207031,454.2999877929687,446.6600036621094,449.5199890136719,448.7112426757813,17175700,-0.9780602971585006,455.59599609375,454.4435012817383,1.1240983831004,1
2024-07-17,442.5899963378906,444.8500061035156,439.1799926757813,443.5199890136719,442.7220153808594,21778000,-1.334757106834128,451.0499938964843,454.2010009765625,1.1277996279131266,1
2024-07-18,444.3399963378906,444.6499938964844,434.3999938964844,440.3699951171875,439.57769775390625,20794800,-0.7102259141666956,448.1839904785156,453.90250091552736,1.1341110777510257,1
2024-07-19,433.1000061035156,441.1400146484375,432.0,437.1099853515625,436.3235473632813,20940400,-0.7402888030001886,444.8959899902344,453.4729995727539,1.1441971697748012,1
2024-07-22,441.7900085449219,444.6000061035156,438.9100036621094,442.94000244140625,442.14306640625,15808800,1.3337643351145845,442.6919921875,453.13099975585936,1.1671585934101465,1
2024-07-23,443.8999938964844,448.3900146484375,443.1000061035156,444.8500061035156,444.0496520996094,13107100,0.4312104690436191,441.7579956054687,452.98999938964846,1.1683214385484313,1
2024-07-24,440.4500122070313,441.4800109863281,427.5899963378906,428.8999938964844,428.1283264160156,26805800,-3.585480945979735,438.83399658203126,451.8874984741211,1.3974463887413218,-1
2024-07-25,428.7999877929687,429.7999877929687,417.510009765625,418.3999938964844,417.647216796875,29943800,-2.448123140457348,434.43999633789065,450.19949798583986,1.4751852032592172,1
2024-07-26,418.2000122070313,428.9200134277344,417.2699890136719,425.2699890136719,424.5048522949219,23583800,1.6419682641982014,432.0719970703125,448.8204971313477,1.5395077325606,1
2024-07-29,431.5799865722656,432.1499938964844,424.7000122070313,426.7300109863281,425.9622497558594,15125800,0.3433164837336466,428.8299987792969,447.8094970703125,1.5271578730290518,1
2024-07-30,427.7200012207031,429.0499877929687,417.3599853515625,422.9200134277344,422.15911865234375,32687600,-0.892835624517585,424.4440002441406,446.1189971923829,1.423311690024687,-1
2024-07-31,420.5,421.7799987792969,412.2099914550781,418.3500061035156,417.5973205566406,42891400,-1.080584313610322,422.33400268554686,444.07249755859374,1.4139515271427678,1
2024-08-01,420.7900085449219,427.4599914550781,413.0899963378906,417.1099853515625,416.3595275878906,30296400,-0.2964074898677782,422.0760009765625,441.8894973754883,1.4026854728227178,1
2024-08-02,412.489990234375,415.0,404.3399963378906,408.489990234375,407.7550354003906,29437900,-2.066600038338118,418.7200012207031,438.93599700927734,1.365106614370948,1
2024-08-05,389.1700134277344,401.0400085449219,385.5799865722656,395.1499938964844,394.4390563964844,40709200,-3.265685000074703,412.4039978027343,435.3814971923828,1.479407099798906,-1
2024-08-06,400.0,405.6700134277344,398.5,399.6099853515625,398.8910217285156,24946500,1.1286831643597228,407.7419921875,432.38499603271487,1.5327517259727763,1
2024-08-07,408.6400146484375,410.0799865722656,397.4700012207031,398.4299926757813,397.7131652832031,20650900,-0.2952860836905935,403.75798950195315,428.9939956665039,1.4515581135430025,1
2024-08-08,402.44000244140625,405.8599853515625,399.94000244140625,402.69000244140625,401.9654846191406,20203000,1.069199067323101,400.8739929199219,426.3934951782227,1.4489957699643057,1
2024-08-09,404.0299987792969,408.0499877929687,402.260009765625,406.0199890136719,405.28948974609375,19276700,0.8269354968031939,400.3799926757813,424.0169952392578,1.4821695353443805,1
2024-08-12,407.05999755859375,408.760009765625,404.239990234375,406.80999755859375,406.07806396484375,16762900,0.1945738057973489,402.7119934082031,421.6594955444336,1.4846877780024648,1
2024-08-13,409.5899963378906,414.9500122070313,409.5700073242187,414.010009765625,413.26513671875,19414300,1.7698710086381908,405.5919982910156,419.8839965820313,1.5665418281014738,1
2024-08-14,414.7999877929687,417.7200012207031,412.4500122070313,416.8599853515625,416.1099853515625,18267000,0.688383256132119,409.2779968261719,418.5509963989258,1.5682451100532464,1
2024-08-15,419.7999877929687,421.1099853515625,417.6600036621094,421.0299987792969,421.0299987792969,20752100,1.0003391004818063,412.94599609375,417.58399658203126,1.5910410635555785,1
2024-08-16,420.6000061035156,421.3399963378906,417.2999877929687,418.4700012207031,418.4700012207031,22775600,-0.6080321036543768,415.4359985351563,416.6519973754883,1.589003986728812,1
2024-08-19,418.9599914550781,421.75,416.4599914550781,421.5299987792969,421.5299987792969,15234000,0.7312346284482851,418.3799987792969,415.5814971923828,1.5637956031153482,1
2024-08-20,421.7000122070313,425.8599853515625,421.6400146484375,424.7999877929687,424.7999877929687,16387600,0.7757428944894507,420.5379943847656,414.5789962768555,1.5733966889512074,1
2024-08-21,424.0799865722656,426.3999938964844,421.7200012207031,424.1400146484375,424.1400146484375,16067300,-0.1553609141940137,421.99400024414064,414.34099731445315,1.3594636999678678,1
2024-08-22,424.3599853515625,426.7900085449219,414.6099853515625,415.5499877929687,415.5499877929687,19361900,-2.025280935256468,420.897998046875,414.19849700927733,1.32295316549146,1
2024-08-23,416.9800109863281,419.260009765625,412.0899963378906,416.7900085449219,416.7900085449219,18493800,0.2984047138441914,420.56199951171874,413.77449798583984,1.2667263966195497,1
2024-08-26,416.3699951171875,417.2799987792969,411.3399963378906,413.489990234375,413.489990234375,13152800,-0.7917700143695305,418.9539978027344,413.1124969482422,1.2715691771256885,1
2024-08-27,412.8599853515625,414.3599853515625,410.25,413.8399963378906,413.8399963378906,13492900,0.0846468141386447,416.7619995117187,412.65849609375,1.2602384072022284,1
2024-08-28,414.8800048828125,415.0,407.30999755859375,410.6000061035156,410.6000061035156,14882700,-0.7829089172254888,414.0539978027344,412.27099609375,1.2497728281130434,1
2024-08-29,414.94000244140625,422.0499877929687,410.6000061035156,413.1199951171875,413.1199951171875,17045200,0.6137333113035881,413.5679992675781,412.0714965820313,1.258248276568365,1
2024-08-30,415.6000061035156,417.489990234375,412.1300048828125,417.1400146484375,417.1400146484375,24308300,0.973087620731028,413.6380004882813,412.5039978027344,1.1818947541258848,1
2024-09-03,417.9100036621094,419.8800048828125,407.0299987792969,409.44000244140625,409.44000244140625,20313600,-1.8459059156721636,412.8280029296875,413.21849822998047,0.9964628814969836,1
2024-09-04,405.9100036621094,411.239990234375,404.3699951171875,408.8999938964844,408.8999938964844,15135800,-0.1318895422288801,411.8400024414062,413.68299865722656,0.97305784413309,1
2024-09-05,407.6199951171875,413.1000061035156,406.1300048828125,408.3900146484375,408.3900146484375,14195500,-0.1247197984003856,411.39800415039065,414.1809997558594,0.969973840841552,1
2024-09-06,409.05999755859375,410.6499938964844,400.7999877929687,401.7000122070313,401.7000122070313,19609500,-1.6381405522770345,409.1140075683594,414.1315002441406,1.0193683528140016,1
2024-09-09,407.239990234375,408.6499938964844,402.1499938964844,405.7200012207031,405.7200012207031,15295100,1.000744060620029,406.8300048828125,414.1165008544922,1.0275632080381758,1
2024-09-10,408.2000122070313,416.3299865722656,407.7000122070313,414.2000122070313,414.2000122070313,19594300,2.0901141084526564,407.7820068359375,414.4860015869141,1.1287587524640628,1
2024-09-11,415.5,423.989990234375,409.5799865722656,423.0400085449219,423.0400085449219,19266900,2.134233722202805,410.610009765625,414.937501525879,1.1597109691070326,1
2024-09-12,423.30999755859375,427.3699951171875,419.75,427.0,427.0,17418800,0.9360796556096008,414.3320068359375,415.4445022583008,1.1674607490332818,1
2024-09-13,425.8299865722656,431.8299865722656,425.4599914550781,430.5899963378906,430.5899963378906,15874600,0.840748556883053,420.11000366210936,415.9225021362305,1.1617065403813631,1
2024-09-16,430.6000061035156,433.5299987792969,428.2200012207031,431.3399963378906,431.3399963378906,13834700,0.174179615499348,425.2340026855469,416.56600189208984,1.1490491665267213,1
2024-09-17,440.2300109863281,441.8500061035156,432.2699890136719,435.1499938964844,435.1499938964844,18874200,0.8832933627627604,429.4239990234375,417.2470016479492,1.1535370824502171,1
2024-09-18,435.0,436.0299987792969,430.4100036621094,430.80999755859375,430.80999755859375,18898000,-0.9973564055531292,430.9779968261719,417.5475021362305,1.172150096399143,1
2024-09-19,441.2300109863281,441.5,436.8999938964844,438.69000244140625,438.69000244140625,21706600,1.8291137456114328,433.3159973144531,418.2750015258789,1.2338342526320425,1
2024-09-20,437.2200012207031,439.239990234375,434.2200012207031,435.2699890136719,435.2699890136719,55167100,-0.779596847136077,434.2519958496094,419.26100158691406,1.1451150874652098,-1
2024-09-23,434.2799987792969,436.4599914550781,430.3900146484375,433.510009765625,433.510009765625,15128900,-0.4043419699196415,434.6859985351563,420.0970016479493,1.1539217478435293,1
2024-09-24,433.0,433.3500061035156,426.1000061035156,429.1700134277344,429.1700134277344,17015800,-1.001129441102644,433.49000244140626,420.8810028076171,1.1643252255531211,1
2024-09-25,429.8299865722656,433.1199951171875,428.5700073242187,432.1099853515625,432.1099853515625,13396400,0.6850366595622326,433.75,421.7945022583008,1.1691226754076962,1
2024-09-26,435.0899963378906,435.2999877929687,429.1300048828125,431.30999755859375,431.30999755859375,14492000,-0.1851352248474103,432.2739990234375,422.8300018310547,1.14953766361832,1
2024-09-27,431.5199890136719,431.8500061035156,427.4700012207031,428.0199890136719,428.0199890136719,14896100,-0.7627944085564442,430.8239990234375,423.5750015258789,1.167840732239839,1
2024-09-30,428.2099914550781,430.4200134277344,425.3699951171875,430.2999877929687,430.2999877929687,16807300,0.5326851170083913,430.18199462890624,424.23300018310545,1.156269386953291,1
2024-10-01,428.4500122070313,428.4800109863281,418.80999755859375,420.69000244140625,420.69000244140625,19092900,-2.2333222459179125,428.4859924316406,424.79550018310545,1.194293706507756,1
2024-10-02,422.5799865722656,422.8200073242187,416.7099914550781,417.1300048828125,417.1300048828125,16582300,-0.8462282293217993,425.4899963378906,425.2070007324219,1.2134560168906208,1
2024-10-03,417.6300048828125,419.5499877929687,414.2900085449219,416.5400085449219,416.5400085449219,13686400,-0.1414418361144642,422.53599853515624,425.61450042724607,1.2136295923879583,1
2024-10-04,418.239990234375,419.75,414.9700012207031,416.05999755859375,416.05999755859375,19169700,-0.1152376666061272,420.1440002441406,426.3324996948242,1.1442417252086123,1
2024-10-07,416.0,417.1099853515625,409.0,409.5400085449219,409.5400085449219,20919800,-1.5670790395449274,415.9920043945313,426.5235000610352,1.1906577557353295,1
2024-10-08,410.8999938964844,415.6600036621094,408.1700134277344,414.7099914550781,414.7099914550781,19229300,1.2623877526703575,414.7960021972656,426.5489990234375,1.1289295980167806,1
2024-10-09,415.8599853515625,420.3800048828125,414.2999877929687,417.4599914550781,417.4599914550781,14974300,0.6631139969285993,414.8619995117187,426.26999816894534,1.0266866717285892,1
2024-10-10,415.2300109863281,417.3500061035156,413.1499938964844,415.8399963378906,415.8399963378906,13848400,-0.3880599699005671,414.7219970703125,425.71199798583984,1.0013629612889212,1
2024-10-11,416.1400146484375,417.1300048828125,413.25,416.3200073242187,416.3200073242187,14144900,0.1154316541350786,414.7739990234375,424.9984985351563,0.9772935144210873,1
2024-10-14,417.7699890136719,424.0400085449219,417.5199890136719,419.1400146484375,419.1400146484375,16653100,0.6773653138468116,416.6940002441406,424.3884994506836,0.9928068383709452,1
2024-10-15,422.1799926757813,422.4800109863281,415.260009765625,418.739990234375,418.739990234375,18900200,-0.0954393281677123,417.5,423.5679992675781,0.963470073008939,1
2024-10-16,415.1700134277344,416.3599853515625,410.4800109863281,416.1199951171875,416.1199951171875,15508900,-0.6256854320794702,417.23200073242185,422.8334991455078,0.9505268497127554,1
2024-10-17,422.3599853515625,422.5,415.5899963378906,416.7200012207031,416.7200012207031,14820000,0.14419064465927,417.4080017089844,421.73499908447263,0.8313003724700341,1
2024-10-18,417.1400146484375,419.6499938964844,416.260009765625,418.1600036621094,418.1600036621094,17145300,0.3455563537118511,417.7760009765625,420.8794998168945,0.8318782488152622,1
2024-10-21,416.1199951171875,418.9599914550781,413.75,418.7799987792969,418.7799987792969,14206100,0.1482674363300518,417.7039978027344,420.14299926757815,0.8338043467077564,1
2024-10-22,418.489990234375,430.5799865722656,418.0400085449219,427.510009765625,427.510009765625,25482200,2.084629402496607,419.4580017089844,420.0599990844727,0.9492932168271512,-1
2024-10-23,430.8599853515625,431.0799865722656,422.5299987792969,424.6000061035156,424.6000061035156,19654400,-0.6806866729751504,421.15400390625,419.6845001220703,0.9453927558104236,1
2024-10-24,425.3299865722656,425.9800109863281,422.3999938964844,424.7300109863281,424.7300109863281,13581600,0.0306182008817046,422.756005859375,419.35550079345705,0.9454014252207528,1
2024-10-25,426.760009765625,432.5199890136719,426.5700073242187,428.1499938964844,428.1499938964844,16899100,0.8052133877269885,424.75400390625,419.3620010375977,0.950155287617418,1
2024-10-28,431.6600036621094,431.94000244140625,426.2999877929687,426.5899963378906,426.5899963378906,14882400,-0.3643577206195014,426.3160034179688,419.17650146484374,0.945134517668012,1
2024-10-29,428.0,433.1700134277344,425.7999877929687,431.9500122070313,431.9500122070313,17644100,1.256479503775143,427.20400390625,419.739501953125,0.8343561560153516,1
2024-10-30,437.44000244140625,438.5,432.1000061035156,432.5299987792969,432.5299987792969,29749100,0.1342716878979022,428.7900024414063,420.5095016479492,0.8018101311893021,-1
